-- phpMyAdmin SQL Dump
-- version 5.2.0
-- https://www.phpmyadmin.net/
--
-- Host: 127.0.0.1
-- Generation Time: Feb 26, 2023 at 12:49 PM
-- Server version: 10.4.27-MariaDB
-- PHP Version: 8.0.25

SET SQL_MODE = "NO_AUTO_VALUE_ON_ZERO";
START TRANSACTION;
SET time_zone = "+00:00";


/*!40101 SET @OLD_CHARACTER_SET_CLIENT=@@CHARACTER_SET_CLIENT */;
/*!40101 SET @OLD_CHARACTER_SET_RESULTS=@@CHARACTER_SET_RESULTS */;
/*!40101 SET @OLD_COLLATION_CONNECTION=@@COLLATION_CONNECTION */;
/*!40101 SET NAMES utf8mb4 */;

--
-- Database: `srms`
--

-- --------------------------------------------------------

--
-- Table structure for table `admin`
--

CREATE TABLE `admin` (
  `id` int(11) NOT NULL,
  `UserName` varchar(100) DEFAULT NULL,
  `StaffID` varchar(50) NOT NULL,
  `email` varchar(50) NOT NULL,
  `SubjectId` int(11) NOT NULL,
  `Password` varchar(100) DEFAULT NULL,
  `role` int(11) NOT NULL
) ENGINE=InnoDB DEFAULT CHARSET=latin1 COLLATE=latin1_swedish_ci;

--
-- Dumping data for table `admin`
--

INSERT INTO `admin` (`id`, `UserName`, `StaffID`, `email`, `SubjectId`, `Password`, `role`) VALUES
(2, 'Adiel', 'DIT777', 'adiel@dit.com', 0, 'Addy2048', 1),
(9, 'Alfred Kajirunga', 'DIT111', 'alfred@gmail.com', 1, '123456', 2),
(10, 'Gustav Sanga', 'DIT112', 'gustav@gmail.com', 2, '123456', 2),
(11, 'Jesse Mhando', 'DIT114', 'jesse@gmail.com', 3, '123456', 2),
(12, 'Godfrey Wandwi', 'DIT115', 'godfrey@gmail.com', 4, '123456', 2),
(13, 'Albert Kimbi', 'DIT116', 'kimbi@gmail.com', 5, '123456', 2);

-- --------------------------------------------------------

--
-- Table structure for table `tblclasses`
--

CREATE TABLE `tblclasses` (
  `id` int(11) NOT NULL,
  `ClassName` varchar(80) DEFAULT NULL,
  `ClassNameNumeric` int(4) DEFAULT NULL,
  `Section` varchar(5) DEFAULT NULL,
  `CreationDate` timestamp NULL DEFAULT current_timestamp(),
  `UpdationDate` timestamp NULL DEFAULT NULL
) ENGINE=InnoDB DEFAULT CHARSET=latin1 COLLATE=latin1_swedish_ci;

--
-- Dumping data for table `tblclasses`
--

INSERT INTO `tblclasses` (`id`, `ClassName`, `ClassNameNumeric`, `Section`, `CreationDate`, `UpdationDate`) VALUES
(1, 'Bachelors\' Degree in Computer Engineering', 1, '1', '2023-02-25 12:59:13', NULL),
(2, 'Ordinary Diploma in Food Science and Technology', 2, '1', '2023-02-25 12:59:28', NULL);

-- --------------------------------------------------------

--
-- Table structure for table `tblnotice`
--

CREATE TABLE `tblnotice` (
  `id` int(11) NOT NULL,
  `noticeTitle` varchar(255) DEFAULT NULL,
  `noticeDetails` mediumtext DEFAULT NULL,
  `postingDate` timestamp NULL DEFAULT current_timestamp()
) ENGINE=InnoDB DEFAULT CHARSET=utf8mb4 COLLATE=utf8mb4_general_ci;

-- --------------------------------------------------------

--
-- Table structure for table `tblresult`
--

CREATE TABLE `tblresult` (
  `id` int(11) NOT NULL,
  `StudentId` int(11) DEFAULT NULL,
  `ClassId` int(11) DEFAULT NULL,
  `SubjectId` int(11) DEFAULT NULL,
  `ca` int(11) NOT NULL,
  `fe` int(11) NOT NULL,
  `academicYear` int(11) NOT NULL,
  `PostingDate` timestamp NULL DEFAULT current_timestamp(),
  `UpdationDate` timestamp NULL DEFAULT NULL
) ENGINE=InnoDB DEFAULT CHARSET=latin1 COLLATE=latin1_swedish_ci;

--
-- Dumping data for table `tblresult`
--

INSERT INTO `tblresult` (`id`, `StudentId`, `ClassId`, `SubjectId`, `ca`, `fe`, `academicYear`, `PostingDate`, `UpdationDate`) VALUES
(1, 1, 1, 1, 45, 34, 2023, '2023-02-25 15:28:29', NULL),
(2, 2, 1, 1, 25, 40, 2023, '2023-02-25 15:28:29', NULL),
(3, 3, 1, 1, 34, 35, 2023, '2023-02-25 15:28:29', NULL),
(4, 4, 1, 1, 15, 17, 2023, '2023-02-25 15:28:29', NULL),
(5, 5, 1, 1, 34, 23, 2023, '2023-02-25 15:28:29', NULL),
(6, 6, 1, 1, 34, 23, 2023, '2023-02-25 15:28:29', NULL),
(7, 7, 1, 1, 43, 23, 2023, '2023-02-25 15:28:29', NULL),
(8, 8, 1, 1, 43, 23, 2023, '2023-02-25 15:28:29', NULL),
(9, 9, 1, 1, 12, 34, 2023, '2023-02-25 15:28:29', NULL),
(10, 10, 1, 1, 32, 23, 2023, '2023-02-25 15:28:29', NULL),
(11, 11, 1, 1, 45, 12, 2023, '2023-02-25 15:28:29', NULL),
(12, 12, 1, 1, 34, 23, 2023, '2023-02-25 15:28:29', NULL),
(13, 13, 1, 1, 43, 32, 2023, '2023-02-25 15:28:29', NULL),
(14, 14, 1, 1, 44, 34, 2023, '2023-02-25 15:28:29', NULL),
(15, 15, 1, 1, 54, 34, 2023, '2023-02-25 15:28:29', NULL),
(16, 16, 1, 1, 54, 23, 2023, '2023-02-25 15:28:29', NULL),
(17, 17, 1, 1, 35, 23, 2023, '2023-02-25 15:28:29', NULL),
(18, 18, 1, 1, 34, 23, 2023, '2023-02-25 15:28:29', NULL),
(19, 19, 1, 1, 23, 12, 2023, '2023-02-25 15:28:29', NULL),
(20, 20, 1, 1, 45, 34, 2023, '2023-02-25 15:28:29', NULL),
(21, 21, 1, 1, 45, 23, 2023, '2023-02-25 15:28:29', NULL),
(22, 22, 1, 1, 45, 34, 2023, '2023-02-25 15:28:29', NULL),
(23, 23, 1, 1, 56, 33, 2023, '2023-02-25 15:28:29', NULL),
(24, 24, 1, 1, 34, 34, 2023, '2023-02-25 15:28:29', NULL),
(25, 25, 1, 1, 56, 40, 2023, '2023-02-25 15:28:29', NULL),
(26, 26, 1, 1, 45, 40, 2023, '2023-02-25 15:28:29', NULL),
(27, 27, 1, 1, 57, 34, 2023, '2023-02-25 15:28:29', NULL),
(28, 28, 1, 1, 23, 34, 2023, '2023-02-25 15:28:29', NULL),
(29, 29, 1, 1, 34, 12, 2023, '2023-02-25 15:28:29', NULL),
(30, 30, 1, 1, 11, 23, 2023, '2023-02-25 15:28:29', NULL),
(31, 31, 1, 1, 0, 0, 2023, '2023-02-25 15:28:29', NULL),
(32, 32, 1, 1, 43, 12, 2023, '2023-02-25 15:28:29', NULL),
(33, 33, 1, 1, 59, 23, 2023, '2023-02-25 15:28:29', NULL),
(34, 34, 1, 1, 23, 12, 2023, '2023-02-25 15:28:29', NULL),
(35, 35, 1, 1, 32, 40, 2023, '2023-02-25 15:28:29', NULL),
(36, 36, 1, 1, 32, 12, 2023, '2023-02-25 15:28:29', NULL),
(37, 37, 1, 1, 32, 32, 2023, '2023-02-25 15:28:29', NULL),
(38, 38, 1, 1, 37, 34, 2023, '2023-02-25 15:28:29', NULL),
(39, 39, 1, 1, 33, 23, 2023, '2023-02-25 15:28:29', NULL),
(40, 40, 1, 1, 23, 23, 2023, '2023-02-25 15:28:29', NULL),
(41, 41, 1, 1, 12, 32, 2023, '2023-02-25 15:28:29', NULL),
(42, 42, 1, 1, 43, 32, 2023, '2023-02-25 15:28:29', NULL),
(43, 43, 1, 1, 23, 34, 2023, '2023-02-25 15:28:29', NULL),
(44, 44, 1, 1, 45, 34, 2023, '2023-02-25 15:28:29', NULL),
(45, 45, 1, 1, 30, 37, 2023, '2023-02-25 15:28:29', NULL),
(46, 46, 1, 1, 30, 40, 2023, '2023-02-25 15:28:29', NULL),
(47, 47, 1, 1, 34, 40, 2023, '2023-02-25 15:28:29', NULL),
(48, 48, 1, 1, 35, 23, 2023, '2023-02-25 15:28:29', NULL),
(49, 49, 1, 1, 34, 31, 2023, '2023-02-25 15:28:29', NULL),
(50, 50, 1, 1, 12, 34, 2023, '2023-02-25 15:28:29', NULL),
(51, 51, 1, 1, 45, 34, 2023, '2023-02-25 15:28:29', NULL),
(52, 52, 1, 1, 49, 39, 2023, '2023-02-25 15:28:29', NULL),
(53, 53, 1, 1, 48, 34, 2023, '2023-02-25 15:28:29', NULL),
(54, 54, 1, 1, 54, 34, 2023, '2023-02-25 15:28:29', NULL),
(55, 55, 1, 1, 32, 23, 2023, '2023-02-25 15:28:29', NULL),
(56, 56, 1, 1, 44, 34, 2023, '2023-02-25 15:28:29', NULL),
(57, 57, 1, 1, 35, 23, 2023, '2023-02-25 15:28:29', NULL),
(58, 58, 1, 1, 35, 34, 2023, '2023-02-25 15:28:29', NULL),
(59, 59, 1, 1, 45, 34, 2023, '2023-02-25 15:28:29', NULL),
(60, 60, 1, 1, 46, 27, 2023, '2023-02-25 15:28:29', NULL),
(61, 61, 1, 1, 56, 34, 2023, '2023-02-25 15:28:29', NULL),
(62, 62, 1, 1, 34, 30, 2023, '2023-02-25 15:28:29', NULL),
(63, 63, 1, 1, 45, 22, 2023, '2023-02-25 15:28:29', NULL),
(64, 64, 1, 1, 34, 40, 2023, '2023-02-25 15:28:29', NULL),
(65, 65, 1, 1, 40, 40, 2023, '2023-02-25 15:28:29', NULL),
(66, 66, 1, 1, 34, 38, 2023, '2023-02-25 15:28:29', NULL),
(67, 67, 1, 1, 49, 37, 2023, '2023-02-25 15:28:29', NULL),
(68, 68, 1, 1, 24, 37, 2023, '2023-02-25 15:28:29', NULL),
(69, 69, 1, 1, 15, 35, 2023, '2023-02-25 15:28:29', NULL),
(70, 70, 1, 1, 45, 23, 2023, '2023-02-25 15:28:29', NULL),
(71, 71, 1, 1, 34, 34, 2023, '2023-02-25 15:28:29', NULL),
(72, 72, 1, 1, 36, 37, 2023, '2023-02-25 15:28:29', NULL),
(73, 73, 1, 1, 39, 30, 2023, '2023-02-25 15:28:29', NULL),
(74, 74, 1, 1, 46, 35, 2023, '2023-02-25 15:28:29', NULL),
(75, 75, 1, 1, 23, 37, 2023, '2023-02-25 15:28:29', NULL),
(76, 76, 1, 1, 16, 12, 2023, '2023-02-25 15:28:29', NULL),
(77, 77, 1, 1, 58, 16, 2023, '2023-02-25 15:28:29', NULL),
(78, 78, 1, 1, 49, 47, 2023, '2023-02-25 15:28:29', NULL),
(79, 79, 1, 1, 56, 17, 2023, '2023-02-25 15:28:29', NULL),
(80, 80, 1, 1, 46, 37, 2023, '2023-02-25 15:28:29', NULL),
(81, 81, 1, 1, 48, 19, 2023, '2023-02-25 15:28:29', NULL),
(82, 82, 1, 1, 30, 39, 2023, '2023-02-25 15:28:29', NULL),
(83, 83, 1, 1, 39, 30, 2023, '2023-02-25 15:28:29', NULL),
(84, 84, 1, 1, 40, 30, 2023, '2023-02-25 15:28:29', NULL),
(85, 1, 1, 2, 26, 34, 2023, '2023-02-25 18:20:11', NULL),
(86, 2, 1, 2, 35, 19, 2023, '2023-02-25 18:20:11', NULL),
(87, 3, 1, 2, 45, 39, 2023, '2023-02-25 18:20:11', NULL),
(88, 4, 1, 2, 26, 38, 2023, '2023-02-25 18:20:11', NULL),
(89, 5, 1, 2, 45, 17, 2023, '2023-02-25 18:20:11', NULL),
(90, 6, 1, 2, 45, 34, 2023, '2023-02-25 18:20:11', NULL),
(91, 7, 1, 2, 49, 23, 2023, '2023-02-25 18:20:11', NULL),
(92, 8, 1, 2, 26, 37, 2023, '2023-02-25 18:20:11', NULL),
(93, 9, 1, 2, 54, 23, 2023, '2023-02-25 18:20:11', NULL),
(94, 10, 1, 2, 35, 38, 2023, '2023-02-25 18:20:11', NULL),
(95, 11, 1, 2, 35, 32, 2023, '2023-02-25 18:20:11', NULL),
(96, 12, 1, 2, 46, 16, 2023, '2023-02-25 18:20:11', NULL),
(97, 13, 1, 2, 38, 38, 2023, '2023-02-25 18:20:11', NULL),
(98, 14, 1, 2, 56, 18, 2023, '2023-02-25 18:20:11', NULL),
(99, 15, 1, 2, 56, 24, 2023, '2023-02-25 18:20:11', NULL),
(100, 16, 1, 2, 47, 17, 2023, '2023-02-25 18:20:11', NULL),
(101, 17, 1, 2, 35, 16, 2023, '2023-02-25 18:20:11', NULL),
(102, 18, 1, 2, 56, 20, 2023, '2023-02-25 18:20:11', NULL),
(103, 19, 1, 2, 26, 15, 2023, '2023-02-25 18:20:11', NULL),
(104, 20, 1, 2, 56, 25, 2023, '2023-02-25 18:20:11', NULL),
(105, 21, 1, 2, 34, 16, 2023, '2023-02-25 18:20:11', NULL),
(106, 22, 1, 2, 56, 16, 2023, '2023-02-25 18:20:11', NULL),
(107, 23, 1, 2, 45, 19, 2023, '2023-02-25 18:20:11', NULL),
(108, 24, 1, 2, 47, 40, 2023, '2023-02-25 18:20:11', NULL),
(109, 25, 1, 2, 40, 40, 2023, '2023-02-25 18:20:11', NULL),
(110, 26, 1, 2, 47, 17, 2023, '2023-02-25 18:20:11', NULL),
(111, 27, 1, 2, 54, 17, 2023, '2023-02-25 18:20:11', NULL),
(112, 28, 1, 2, 49, 34, 2023, '2023-02-25 18:20:11', NULL),
(113, 29, 1, 2, 32, 22, 2023, '2023-02-25 18:20:11', NULL),
(114, 30, 1, 2, 44, 26, 2023, '2023-02-25 18:20:11', NULL),
(115, 31, 1, 2, 53, 32, 2023, '2023-02-25 18:20:11', NULL),
(116, 32, 1, 2, 45, 23, 2023, '2023-02-25 18:20:11', NULL),
(117, 33, 1, 2, 45, 34, 2023, '2023-02-25 18:20:11', NULL),
(118, 34, 1, 2, 42, 46, 2023, '2023-02-25 18:20:11', NULL),
(119, 35, 1, 2, 39, 43, 2023, '2023-02-25 18:20:11', NULL),
(120, 36, 1, 2, 56, 34, 2023, '2023-02-25 18:20:11', NULL),
(121, 37, 1, 2, 52, 18, 2023, '2023-02-25 18:20:11', NULL),
(122, 38, 1, 2, 43, 21, 2023, '2023-02-25 18:20:11', NULL),
(123, 39, 1, 2, 34, 45, 2023, '2023-02-25 18:20:11', NULL),
(124, 40, 1, 2, 34, 47, 2023, '2023-02-25 18:20:11', NULL),
(125, 41, 1, 2, 56, 23, 2023, '2023-02-25 18:20:11', NULL),
(126, 42, 1, 2, 47, 24, 2023, '2023-02-25 18:20:11', NULL),
(127, 43, 1, 2, 49, 23, 2023, '2023-02-25 18:20:11', NULL),
(128, 44, 1, 2, 54, 23, 2023, '2023-02-25 18:20:11', NULL),
(129, 45, 1, 2, 45, 23, 2023, '2023-02-25 18:20:11', NULL),
(130, 46, 1, 2, 34, 36, 2023, '2023-02-25 18:20:11', NULL),
(131, 47, 1, 2, 45, 28, 2023, '2023-02-25 18:20:11', NULL),
(132, 48, 1, 2, 37, 46, 2023, '2023-02-25 18:20:11', NULL),
(133, 49, 1, 2, 35, 24, 2023, '2023-02-25 18:20:11', NULL),
(134, 50, 1, 2, 49, 34, 2023, '2023-02-25 18:20:11', NULL),
(135, 51, 1, 2, 58, 24, 2023, '2023-02-25 18:20:11', NULL),
(136, 52, 1, 2, 45, 24, 2023, '2023-02-25 18:20:11', NULL),
(137, 53, 1, 2, 45, 34, 2023, '2023-02-25 18:20:11', NULL),
(138, 54, 1, 2, 26, 34, 2023, '2023-02-25 18:20:11', NULL),
(139, 55, 1, 2, 46, 34, 2023, '2023-02-25 18:20:11', NULL),
(140, 56, 1, 2, 47, 24, 2023, '2023-02-25 18:20:11', NULL),
(141, 57, 1, 2, 25, 28, 2023, '2023-02-25 18:20:11', NULL),
(142, 58, 1, 2, 36, 16, 2023, '2023-02-25 18:20:11', NULL),
(143, 59, 1, 2, 36, 18, 2023, '2023-02-25 18:20:11', NULL),
(144, 60, 1, 2, 25, 34, 2023, '2023-02-25 18:20:11', NULL),
(145, 61, 1, 2, 32, 24, 2023, '2023-02-25 18:20:11', NULL),
(146, 62, 1, 2, 26, 25, 2023, '2023-02-25 18:20:11', NULL),
(147, 63, 1, 2, 34, 45, 2023, '2023-02-25 18:20:11', NULL),
(148, 64, 1, 2, 46, 34, 2023, '2023-02-25 18:20:11', NULL),
(149, 65, 1, 2, 35, 16, 2023, '2023-02-25 18:20:11', NULL),
(150, 66, 1, 2, 25, 23, 2023, '2023-02-25 18:20:11', NULL),
(151, 67, 1, 2, 46, 36, 2023, '2023-02-25 18:20:11', NULL),
(152, 68, 1, 2, 35, 28, 2023, '2023-02-25 18:20:11', NULL),
(153, 69, 1, 2, 25, 24, 2023, '2023-02-25 18:20:11', NULL),
(154, 70, 1, 2, 45, 32, 2023, '2023-02-25 18:20:11', NULL),
(155, 71, 1, 2, 37, 28, 2023, '2023-02-25 18:20:11', NULL),
(156, 72, 1, 2, 34, 34, 2023, '2023-02-25 18:20:11', NULL),
(157, 73, 1, 2, 36, 18, 2023, '2023-02-25 18:20:11', NULL),
(158, 74, 1, 2, 36, 26, 2023, '2023-02-25 18:20:11', NULL),
(159, 75, 1, 2, 45, 35, 2023, '2023-02-25 18:20:11', NULL),
(160, 76, 1, 2, 38, 43, 2023, '2023-02-25 18:20:11', NULL),
(161, 77, 1, 2, 21, 44, 2023, '2023-02-25 18:20:11', NULL),
(162, 78, 1, 2, 34, 45, 2023, '2023-02-25 18:20:11', NULL),
(163, 79, 1, 2, 45, 17, 2023, '2023-02-25 18:20:11', NULL),
(164, 80, 1, 2, 45, 34, 2023, '2023-02-25 18:20:11', NULL),
(165, 81, 1, 2, 45, 34, 2023, '2023-02-25 18:20:11', NULL),
(166, 82, 1, 2, 37, 32, 2023, '2023-02-25 18:20:11', NULL),
(167, 83, 1, 2, 45, 19, 2023, '2023-02-25 18:20:11', NULL),
(168, 84, 1, 2, 45, 26, 2023, '2023-02-25 18:20:11', NULL),
(169, 1, 1, 3, 28, 34, 2023, '2023-02-25 20:00:06', NULL),
(170, 2, 1, 3, 23, 32, 2023, '2023-02-25 20:00:06', NULL),
(171, 3, 1, 3, 45, 17, 2023, '2023-02-25 20:00:06', NULL),
(172, 4, 1, 3, 56, 35, 2023, '2023-02-25 20:00:06', NULL),
(173, 5, 1, 3, 34, 34, 2023, '2023-02-25 20:00:06', NULL),
(174, 6, 1, 3, 45, 17, 2023, '2023-02-25 20:00:06', NULL),
(175, 7, 1, 3, 34, 35, 2023, '2023-02-25 20:00:06', NULL),
(176, 8, 1, 3, 23, 18, 2023, '2023-02-25 20:00:06', NULL),
(177, 9, 1, 3, 45, 23, 2023, '2023-02-25 20:00:06', NULL),
(178, 10, 1, 3, 54, 35, 2023, '2023-02-25 20:00:06', NULL),
(179, 11, 1, 3, 35, 38, 2023, '2023-02-25 20:00:06', NULL),
(180, 12, 1, 3, 46, 32, 2023, '2023-02-25 20:00:06', NULL),
(181, 13, 1, 3, 45, 17, 2023, '2023-02-25 20:00:06', NULL),
(182, 14, 1, 3, 47, 25, 2023, '2023-02-25 20:00:06', NULL),
(183, 15, 1, 3, 59, 16, 2023, '2023-02-25 20:00:06', NULL),
(184, 16, 1, 3, 46, 40, 2023, '2023-02-25 20:00:06', NULL),
(185, 17, 1, 3, 45, 34, 2023, '2023-02-25 20:00:06', NULL),
(186, 18, 1, 3, 43, 25, 2023, '2023-02-25 20:00:06', NULL),
(187, 19, 1, 3, 45, 25, 2023, '2023-02-25 20:00:06', NULL),
(188, 20, 1, 3, 59, 39, 2023, '2023-02-25 20:00:06', NULL),
(189, 21, 1, 3, 45, 26, 2023, '2023-02-25 20:00:06', NULL),
(190, 22, 1, 3, 56, 35, 2023, '2023-02-25 20:00:06', NULL),
(191, 23, 1, 3, 32, 47, 2023, '2023-02-25 20:00:06', NULL),
(192, 24, 1, 3, 57, 23, 2023, '2023-02-25 20:00:06', NULL),
(193, 25, 1, 3, 49, 21, 2023, '2023-02-25 20:00:06', NULL),
(194, 26, 1, 3, 54, 40, 2023, '2023-02-25 20:00:06', NULL),
(195, 27, 1, 3, 39, 52, 2023, '2023-02-25 20:00:06', NULL),
(196, 28, 1, 3, 45, 21, 2023, '2023-02-25 20:00:06', NULL),
(197, 29, 1, 3, 36, 34, 2023, '2023-02-25 20:00:06', NULL),
(198, 30, 1, 3, 43, 17, 2023, '2023-02-25 20:00:06', NULL),
(199, 31, 1, 3, 35, 17, 2023, '2023-02-25 20:00:06', NULL),
(200, 32, 1, 3, 36, 36, 2023, '2023-02-25 20:00:06', NULL),
(201, 33, 1, 3, 32, 24, 2023, '2023-02-25 20:00:06', NULL),
(202, 34, 1, 3, 43, 36, 2023, '2023-02-25 20:00:06', NULL),
(203, 35, 1, 3, 34, 26, 2023, '2023-02-25 20:00:06', NULL),
(204, 36, 1, 3, 43, 19, 2023, '2023-02-25 20:00:06', NULL),
(205, 37, 1, 3, 46, 35, 2023, '2023-02-25 20:00:06', NULL),
(206, 38, 1, 3, 56, 34, 2023, '2023-02-25 20:00:06', NULL),
(207, 39, 1, 3, 35, 40, 2023, '2023-02-25 20:00:06', NULL),
(208, 40, 1, 3, 28, 35, 2023, '2023-02-25 20:00:06', NULL),
(209, 41, 1, 3, 51, 19, 2023, '2023-02-25 20:00:06', NULL),
(210, 42, 1, 3, 43, 27, 2023, '2023-02-25 20:00:06', NULL),
(211, 43, 1, 3, 35, 19, 2023, '2023-02-25 20:00:06', NULL),
(212, 44, 1, 3, 36, 27, 2023, '2023-02-25 20:00:06', NULL),
(213, 45, 1, 3, 34, 34, 2023, '2023-02-25 20:00:06', NULL),
(214, 46, 1, 3, 29, 26, 2023, '2023-02-25 20:00:06', NULL),
(215, 47, 1, 3, 48, 35, 2023, '2023-02-25 20:00:06', NULL),
(216, 48, 1, 3, 26, 26, 2023, '2023-02-25 20:00:06', NULL),
(217, 49, 1, 3, 29, 39, 2023, '2023-02-25 20:00:06', NULL),
(218, 50, 1, 3, 34, 40, 2023, '2023-02-25 20:00:06', NULL),
(219, 51, 1, 3, 37, 29, 2023, '2023-02-25 20:00:06', NULL),
(220, 52, 1, 3, 46, 37, 2023, '2023-02-25 20:00:06', NULL),
(221, 53, 1, 3, 46, 36, 2023, '2023-02-25 20:00:06', NULL),
(222, 54, 1, 3, 27, 37, 2023, '2023-02-25 20:00:06', NULL),
(223, 55, 1, 3, 43, 21, 2023, '2023-02-25 20:00:06', NULL),
(224, 56, 1, 3, 38, 23, 2023, '2023-02-25 20:00:06', NULL),
(225, 57, 1, 3, 34, 34, 2023, '2023-02-25 20:00:06', NULL),
(226, 58, 1, 3, 56, 34, 2023, '2023-02-25 20:00:06', NULL),
(227, 59, 1, 3, 45, 34, 2023, '2023-02-25 20:00:06', NULL),
(228, 60, 1, 3, 47, 32, 2023, '2023-02-25 20:00:06', NULL),
(229, 61, 1, 3, 34, 32, 2023, '2023-02-25 20:00:06', NULL),
(230, 62, 1, 3, 24, 16, 2023, '2023-02-25 20:00:06', NULL),
(231, 63, 1, 3, 24, 16, 2023, '2023-02-25 20:00:06', NULL),
(232, 64, 1, 3, 34, 26, 2023, '2023-02-25 20:00:06', NULL),
(233, 65, 1, 3, 46, 24, 2023, '2023-02-25 20:00:06', NULL),
(234, 66, 1, 3, 47, 34, 2023, '2023-02-25 20:00:06', NULL),
(235, 67, 1, 3, 57, 23, 2023, '2023-02-25 20:00:06', NULL),
(236, 68, 1, 3, 34, 40, 2023, '2023-02-25 20:00:06', NULL),
(237, 69, 1, 3, 23, 19, 2023, '2023-02-25 20:00:06', NULL),
(238, 70, 1, 3, 58, 23, 2023, '2023-02-25 20:00:06', NULL),
(239, 71, 1, 3, 34, 34, 2023, '2023-02-25 20:00:06', NULL),
(240, 72, 1, 3, 34, 34, 2023, '2023-02-25 20:00:06', NULL),
(241, 73, 1, 3, 43, 34, 2023, '2023-02-25 20:00:06', NULL),
(242, 74, 1, 3, 54, 34, 2023, '2023-02-25 20:00:06', NULL),
(243, 75, 1, 3, 25, 16, 2023, '2023-02-25 20:00:06', NULL),
(244, 76, 1, 3, 45, 17, 2023, '2023-02-25 20:00:06', NULL),
(245, 77, 1, 3, 45, 23, 2023, '2023-02-25 20:00:06', NULL),
(246, 78, 1, 3, 46, 27, 2023, '2023-02-25 20:00:06', NULL),
(247, 79, 1, 3, 54, 23, 2023, '2023-02-25 20:00:06', NULL),
(248, 80, 1, 3, 45, 23, 2023, '2023-02-25 20:00:06', NULL),
(249, 81, 1, 3, 45, 38, 2023, '2023-02-25 20:00:06', NULL),
(250, 82, 1, 3, 23, 40, 2023, '2023-02-25 20:00:06', NULL),
(251, 83, 1, 3, 34, 36, 2023, '2023-02-25 20:00:06', NULL),
(252, 84, 1, 3, 27, 38, 2023, '2023-02-25 20:00:06', NULL),
(253, 1, 1, 4, 54, 25, 2023, '2023-02-25 20:16:04', NULL),
(254, 2, 1, 4, 34, 54, 2023, '2023-02-25 20:16:04', NULL),
(255, 3, 1, 4, 36, 36, 2023, '2023-02-25 20:16:04', NULL),
(256, 4, 1, 4, 45, 40, 2023, '2023-02-25 20:16:04', NULL),
(257, 5, 1, 4, 34, 35, 2023, '2023-02-25 20:16:04', NULL),
(258, 6, 1, 4, 35, 35, 2023, '2023-02-25 20:16:04', NULL),
(259, 7, 1, 4, 56, 18, 2023, '2023-02-25 20:16:04', NULL),
(260, 8, 1, 4, 54, 32, 2023, '2023-02-25 20:16:04', NULL),
(261, 9, 1, 4, 32, 19, 2023, '2023-02-25 20:16:04', NULL),
(262, 10, 1, 4, 56, 18, 2023, '2023-02-25 20:16:04', NULL),
(263, 11, 1, 4, 47, 38, 2023, '2023-02-25 20:16:04', NULL),
(264, 12, 1, 4, 34, 40, 2023, '2023-02-25 20:16:04', NULL),
(265, 13, 1, 4, 39, 36, 2023, '2023-02-25 20:16:04', NULL),
(266, 14, 1, 4, 28, 40, 2023, '2023-02-25 20:16:04', NULL),
(267, 15, 1, 4, 47, 17, 2023, '2023-02-25 20:16:04', NULL),
(268, 16, 1, 4, 45, 25, 2023, '2023-02-25 20:16:04', NULL),
(269, 17, 1, 4, 54, 24, 2023, '2023-02-25 20:16:04', NULL),
(270, 18, 1, 4, 46, 32, 2023, '2023-02-25 20:16:04', NULL),
(271, 19, 1, 4, 47, 38, 2023, '2023-02-25 20:16:04', NULL),
(272, 20, 1, 4, 58, 34, 2023, '2023-02-25 20:16:04', NULL),
(273, 21, 1, 4, 55, 25, 2023, '2023-02-25 20:16:04', NULL),
(274, 22, 1, 4, 32, 34, 2023, '2023-02-25 20:16:04', NULL),
(275, 23, 1, 4, 56, 32, 2023, '2023-02-25 20:16:04', NULL),
(276, 24, 1, 4, 32, 26, 2023, '2023-02-25 20:16:04', NULL),
(277, 25, 1, 4, 45, 32, 2023, '2023-02-25 20:16:04', NULL),
(278, 26, 1, 4, 46, 34, 2023, '2023-02-25 20:16:04', NULL),
(279, 27, 1, 4, 29, 43, 2023, '2023-02-25 20:16:04', NULL),
(280, 28, 1, 4, 46, 32, 2023, '2023-02-25 20:16:04', NULL),
(281, 29, 1, 4, 25, 37, 2023, '2023-02-25 20:16:04', NULL),
(282, 30, 1, 4, 49, 32, 2023, '2023-02-25 20:16:04', NULL),
(283, 31, 1, 4, 36, 34, 2023, '2023-02-25 20:16:04', NULL),
(284, 32, 1, 4, 27, 36, 2023, '2023-02-25 20:16:04', NULL),
(285, 33, 1, 4, 43, 23, 2023, '2023-02-25 20:16:04', NULL),
(286, 34, 1, 4, 46, 32, 2023, '2023-02-25 20:16:04', NULL),
(287, 35, 1, 4, 46, 34, 2023, '2023-02-25 20:16:04', NULL),
(288, 36, 1, 4, 42, 27, 2023, '2023-02-25 20:16:04', NULL),
(289, 37, 1, 4, 48, 22, 2023, '2023-02-25 20:16:04', NULL),
(290, 38, 1, 4, 54, 34, 2023, '2023-02-25 20:16:04', NULL),
(291, 39, 1, 4, 37, 46, 2023, '2023-02-25 20:16:04', NULL),
(292, 40, 1, 4, 29, 29, 2023, '2023-02-25 20:16:04', NULL),
(293, 41, 1, 4, 38, 40, 2023, '2023-02-25 20:16:04', NULL),
(294, 42, 1, 4, 45, 26, 2023, '2023-02-25 20:16:04', NULL),
(295, 43, 1, 4, 49, 31, 2023, '2023-02-25 20:16:04', NULL),
(296, 44, 1, 4, 53, 27, 2023, '2023-02-25 20:16:04', NULL),
(297, 45, 1, 4, 53, 27, 2023, '2023-02-25 20:16:04', NULL),
(298, 46, 1, 4, 53, 37, 2023, '2023-02-25 20:16:04', NULL),
(299, 47, 1, 4, 29, 32, 2023, '2023-02-25 20:16:04', NULL),
(300, 48, 1, 4, 45, 43, 2023, '2023-02-25 20:16:04', NULL),
(301, 49, 1, 4, 56, 36, 2023, '2023-02-25 20:16:04', NULL),
(302, 50, 1, 4, 45, 34, 2023, '2023-02-25 20:16:04', NULL),
(303, 51, 1, 4, 46, 27, 2023, '2023-02-25 20:16:04', NULL),
(304, 52, 1, 4, 57, 35, 2023, '2023-02-25 20:16:04', NULL),
(305, 53, 1, 4, 27, 17, 2023, '2023-02-25 20:16:04', NULL),
(306, 54, 1, 4, 27, 28, 2023, '2023-02-25 20:16:04', NULL),
(307, 55, 1, 4, 39, 36, 2023, '2023-02-25 20:16:04', NULL),
(308, 56, 1, 4, 37, 17, 2023, '2023-02-25 20:16:04', NULL),
(309, 57, 1, 4, 39, 40, 2023, '2023-02-25 20:16:04', NULL),
(310, 58, 1, 4, 29, 19, 2023, '2023-02-25 20:16:04', NULL),
(311, 59, 1, 4, 37, 37, 2023, '2023-02-25 20:16:04', NULL),
(312, 60, 1, 4, 27, 34, 2023, '2023-02-25 20:16:04', NULL),
(313, 61, 1, 4, 46, 34, 2023, '2023-02-25 20:16:04', NULL),
(314, 62, 1, 4, 29, 47, 2023, '2023-02-25 20:16:04', NULL),
(315, 63, 1, 4, 29, 45, 2023, '2023-02-25 20:16:04', NULL),
(316, 64, 1, 4, 49, 32, 2023, '2023-02-25 20:16:04', NULL),
(317, 65, 1, 4, 46, 28, 2023, '2023-02-25 20:16:04', NULL),
(318, 66, 1, 4, 43, 26, 2023, '2023-02-25 20:16:04', NULL),
(319, 67, 1, 4, 35, 40, 2023, '2023-02-25 20:16:04', NULL),
(320, 68, 1, 4, 23, 18, 2023, '2023-02-25 20:16:04', NULL),
(321, 69, 1, 4, 37, 40, 2023, '2023-02-25 20:16:04', NULL),
(322, 70, 1, 4, 25, 37, 2023, '2023-02-25 20:16:04', NULL),
(323, 71, 1, 4, 43, 27, 2023, '2023-02-25 20:16:04', NULL),
(324, 72, 1, 4, 43, 17, 2023, '2023-02-25 20:16:04', NULL),
(325, 73, 1, 4, 43, 23, 2023, '2023-02-25 20:16:04', NULL),
(326, 74, 1, 4, 45, 21, 2023, '2023-02-25 20:16:04', NULL),
(327, 75, 1, 4, 45, 28, 2023, '2023-02-25 20:16:04', NULL),
(328, 76, 1, 4, 46, 32, 2023, '2023-02-25 20:16:04', NULL),
(329, 77, 1, 4, 25, 26, 2023, '2023-02-25 20:16:04', NULL),
(330, 78, 1, 4, 56, 34, 2023, '2023-02-25 20:16:04', NULL),
(331, 79, 1, 4, 25, 28, 2023, '2023-02-25 20:16:04', NULL),
(332, 80, 1, 4, 54, 34, 2023, '2023-02-25 20:16:04', NULL),
(333, 81, 1, 4, 26, 40, 2023, '2023-02-25 20:16:04', NULL),
(334, 82, 1, 4, 32, 32, 2023, '2023-02-25 20:16:04', NULL),
(335, 83, 1, 4, 34, 36, 2023, '2023-02-25 20:16:04', NULL),
(336, 84, 1, 4, 46, 16, 2023, '2023-02-25 20:16:04', NULL),
(337, 1, 1, 5, 45, 40, 2048, '2023-02-25 20:52:09', NULL),
(338, 2, 1, 5, 46, 36, 2048, '2023-02-25 20:52:09', NULL),
(339, 3, 1, 5, 45, 39, 2048, '2023-02-25 20:52:09', NULL),
(340, 4, 1, 5, 49, 37, 2048, '2023-02-25 20:52:09', NULL),
(341, 5, 1, 5, 43, 38, 2048, '2023-02-25 20:52:09', NULL),
(342, 6, 1, 5, 49, 38, 2048, '2023-02-25 20:52:09', NULL),
(343, 7, 1, 5, 44, 35, 2048, '2023-02-25 20:52:09', NULL),
(344, 8, 1, 5, 41, 39, 2048, '2023-02-25 20:52:09', NULL),
(345, 9, 1, 5, 43, 36, 2048, '2023-02-25 20:52:09', NULL),
(346, 10, 1, 5, 34, 40, 2048, '2023-02-25 20:52:09', NULL),
(347, 11, 1, 5, 49, 33, 2048, '2023-02-25 20:52:09', NULL),
(348, 12, 1, 5, 45, 32, 2048, '2023-02-25 20:52:09', NULL),
(349, 13, 1, 5, 45, 37, 2048, '2023-02-25 20:52:09', NULL),
(350, 14, 1, 5, 49, 31, 2048, '2023-02-25 20:52:09', NULL),
(351, 15, 1, 5, 47, 32, 2048, '2023-02-25 20:52:09', NULL),
(352, 16, 1, 5, 49, 35, 2048, '2023-02-25 20:52:09', NULL),
(353, 17, 1, 5, 47, 33, 2048, '2023-02-25 20:52:09', NULL),
(354, 18, 1, 5, 48, 31, 2048, '2023-02-25 20:52:09', NULL),
(355, 19, 1, 5, 48, 31, 2048, '2023-02-25 20:52:09', NULL),
(356, 20, 1, 5, 46, 32, 2048, '2023-02-25 20:52:09', NULL),
(357, 21, 1, 5, 43, 37, 2048, '2023-02-25 20:52:09', NULL),
(358, 22, 1, 5, 44, 35, 2048, '2023-02-25 20:52:09', NULL),
(359, 23, 1, 5, 49, 36, 2048, '2023-02-25 20:52:09', NULL),
(360, 24, 1, 5, 41, 37, 2048, '2023-02-25 20:52:09', NULL),
(361, 25, 1, 5, 45, 35, 2048, '2023-02-25 20:52:09', NULL),
(362, 26, 1, 5, 47, 32, 2048, '2023-02-25 20:52:09', NULL),
(363, 27, 1, 5, 40, 20, 2048, '2023-02-25 20:52:09', NULL),
(364, 28, 1, 5, 46, 37, 2048, '2023-02-25 20:52:09', NULL),
(365, 29, 1, 5, 49, 24, 2048, '2023-02-25 20:52:09', NULL),
(366, 30, 1, 5, 34, 38, 2048, '2023-02-25 20:52:09', NULL),
(367, 31, 1, 5, 44, 36, 2048, '2023-02-25 20:52:09', NULL),
(368, 32, 1, 5, 49, 35, 2048, '2023-02-25 20:52:09', NULL),
(369, 33, 1, 5, 47, 39, 2048, '2023-02-25 20:52:09', NULL),
(370, 34, 1, 5, 48, 35, 2048, '2023-02-25 20:52:09', NULL),
(371, 35, 1, 5, 43, 37, 2048, '2023-02-25 20:52:09', NULL),
(372, 36, 1, 5, 46, 36, 2048, '2023-02-25 20:52:09', NULL),
(373, 37, 1, 5, 47, 43, 2048, '2023-02-25 20:52:09', NULL),
(374, 38, 1, 5, 47, 39, 2048, '2023-02-25 20:52:09', NULL),
(375, 39, 1, 5, 47, 31, 2048, '2023-02-25 20:52:09', NULL),
(376, 40, 1, 5, 43, 37, 2048, '2023-02-25 20:52:09', NULL),
(377, 41, 1, 5, 38, 47, 2048, '2023-02-25 20:52:09', NULL),
(378, 42, 1, 5, 47, 37, 2048, '2023-02-25 20:52:09', NULL),
(379, 43, 1, 5, 46, 34, 2048, '2023-02-25 20:52:09', NULL),
(380, 44, 1, 5, 39, 40, 2048, '2023-02-25 20:52:09', NULL),
(381, 45, 1, 5, 47, 33, 2048, '2023-02-25 20:52:09', NULL),
(382, 46, 1, 5, 45, 36, 2048, '2023-02-25 20:52:09', NULL),
(383, 47, 1, 5, 48, 32, 2048, '2023-02-25 20:52:09', NULL),
(384, 48, 1, 5, 45, 34, 2048, '2023-02-25 20:52:09', NULL),
(385, 49, 1, 5, 48, 37, 2048, '2023-02-25 20:52:09', NULL),
(386, 50, 1, 5, 45, 32, 2048, '2023-02-25 20:52:09', NULL),
(387, 51, 1, 5, 49, 36, 2048, '2023-02-25 20:52:09', NULL),
(388, 52, 1, 5, 39, 39, 2048, '2023-02-25 20:52:09', NULL),
(389, 53, 1, 5, 47, 38, 2048, '2023-02-25 20:52:09', NULL),
(390, 54, 1, 5, 47, 40, 2048, '2023-02-25 20:52:09', NULL),
(391, 55, 1, 5, 43, 32, 2048, '2023-02-25 20:52:09', NULL),
(392, 56, 1, 5, 48, 36, 2048, '2023-02-25 20:52:09', NULL),
(393, 57, 1, 5, 45, 36, 2048, '2023-02-25 20:52:09', NULL),
(394, 58, 1, 5, 48, 33, 2048, '2023-02-25 20:52:09', NULL),
(395, 59, 1, 5, 49, 35, 2048, '2023-02-25 20:52:09', NULL),
(396, 60, 1, 5, 49, 32, 2048, '2023-02-25 20:52:09', NULL),
(397, 61, 1, 5, 44, 32, 2048, '2023-02-25 20:52:09', NULL),
(398, 62, 1, 5, 47, 39, 2048, '2023-02-25 20:52:09', NULL),
(399, 63, 1, 5, 43, 40, 2048, '2023-02-25 20:52:09', NULL),
(400, 64, 1, 5, 49, 32, 2048, '2023-02-25 20:52:09', NULL),
(401, 65, 1, 5, 48, 31, 2048, '2023-02-25 20:52:09', NULL),
(402, 66, 1, 5, 46, 32, 2048, '2023-02-25 20:52:09', NULL),
(403, 67, 1, 5, 49, 37, 2048, '2023-02-25 20:52:09', NULL),
(404, 68, 1, 5, 38, 40, 2048, '2023-02-25 20:52:09', NULL),
(405, 69, 1, 5, 46, 32, 2048, '2023-02-25 20:52:09', NULL),
(406, 70, 1, 5, 48, 35, 2048, '2023-02-25 20:52:09', NULL),
(407, 71, 1, 5, 47, 36, 2048, '2023-02-25 20:52:09', NULL),
(408, 72, 1, 5, 48, 35, 2048, '2023-02-25 20:52:09', NULL),
(409, 73, 1, 5, 46, 39, 2048, '2023-02-25 20:52:09', NULL),
(410, 74, 1, 5, 43, 37, 2048, '2023-02-25 20:52:09', NULL),
(411, 75, 1, 5, 43, 39, 2048, '2023-02-25 20:52:09', NULL),
(412, 76, 1, 5, 48, 32, 2048, '2023-02-25 20:52:09', NULL),
(413, 77, 1, 5, 48, 32, 2048, '2023-02-25 20:52:09', NULL),
(414, 78, 1, 5, 46, 39, 2048, '2023-02-25 20:52:09', NULL),
(415, 79, 1, 5, 48, 31, 2048, '2023-02-25 20:52:09', NULL),
(416, 80, 1, 5, 26, 39, 2048, '2023-02-25 20:52:09', NULL),
(417, 81, 1, 5, 56, 34, 2048, '2023-02-25 20:52:09', NULL),
(418, 82, 1, 5, 52, 29, 2048, '2023-02-25 20:52:09', NULL),
(419, 83, 1, 5, 38, 40, 2048, '2023-02-25 20:52:09', NULL),
(420, 84, 1, 5, 56, 21, 2048, '2023-02-25 20:52:09', NULL);

-- --------------------------------------------------------

--
-- Table structure for table `tblstudents`
--

CREATE TABLE `tblstudents` (
  `StudentId` int(11) NOT NULL,
  `StudentName` varchar(100) DEFAULT NULL,
  `RollId` varchar(100) DEFAULT NULL,
  `StudentEmail` varchar(100) DEFAULT NULL,
  `Gender` varchar(10) DEFAULT NULL,
  `DOB` varchar(100) DEFAULT NULL,
  `ClassId` int(11) DEFAULT NULL,
  `RegDate` timestamp NULL DEFAULT current_timestamp(),
  `UpdationDate` timestamp NULL DEFAULT NULL,
  `Status` int(1) DEFAULT NULL
) ENGINE=InnoDB DEFAULT CHARSET=latin1 COLLATE=latin1_swedish_ci;

--
-- Dumping data for table `tblstudents`
--

INSERT INTO `tblstudents` (`StudentId`, `StudentName`, `RollId`, `StudentEmail`, `Gender`, `DOB`, `ClassId`, `RegDate`, `UpdationDate`, `Status`) VALUES
(1, 'ABDALLAH, JUMA B', '210240224940', 'juma@gmail.com', 'Male', '2023-02-09', 1, '2023-02-25 13:12:51', NULL, 1),
(2, 'ALLY, Shirazi H', '200230226058', 'shirazi@gmail.com', 'Male', '2023-02-17', 1, '2023-02-25 13:15:15', NULL, 1),
(3, 'ALOYCE, Gaston Lusinde', '20023022210228', 'lusinde@gmail.com', 'Male', '2023-02-15', 1, '2023-02-25 13:18:14', NULL, 1),
(4, 'ASSENGA, GERMIN E', '2102302230166', 'germin@gmail.com', 'Male', '2023-02-21', 1, '2023-02-25 13:19:00', NULL, 1),
(5, 'AUGUSTINO, Fidelis', '20230225928', 'fidelis@gmail.com', 'Male', '2023-02-08', 1, '2023-02-25 13:20:11', NULL, 1),
(6, 'AZALIWA, Adiel Elfelet', '200230226702', 'aazaliwa@gmail.com', 'Male', '2023-02-08', 1, '2023-02-25 13:20:56', NULL, 1),
(7, 'BANGI, Ignas Bangi', '20230225829', 'igba@gmail.com', 'Male', '2023-02-08', 1, '2023-02-25 13:21:49', NULL, 1),
(8, 'BIDYANGUZE, Said Nashon', '200230226892', 'nashonsaid@gmail.com', 'Male', '2023-02-17', 1, '2023-02-25 13:22:57', NULL, 1),
(9, 'BIJABUKA, Adrian Modest', '200230225860', 'bijabuka@gmail.com', 'Male', '2023-02-22', 1, '2023-02-25 13:23:58', NULL, 1),
(10, 'BILAL, Jamal Mursal', '210240226378', 'jamal@gmail.com', 'Male', '2023-02-07', 1, '2023-02-25 13:24:55', NULL, 1),
(11, 'BOAZ, STEVEN MALIMU', '210240225412', 'boaz@gmail.com', 'Male', '2023-02-13', 1, '2023-02-25 13:25:49', NULL, 1),
(12, 'BUBERWA, Conrad Victor', '200230226769', 'buberwa@gmail.com', 'Male', '2023-02-10', 1, '2023-02-25 13:26:50', NULL, 1),
(13, 'BYABACHWEZI, Francis Faurat', '2002302211382', 'faurat@gmail.com', 'Male', '2023-02-07', 1, '2023-02-25 13:28:12', NULL, 1),
(14, 'BYABATO, Alex Mubezi', '2002302210020', 'byabato@gmail.com', 'Male', '2023-02-15', 1, '2023-02-25 13:29:15', NULL, 1),
(15, 'CHAKI, Erick Ambrose', '200230226744', 'ambrose@gmail.com', 'Male', '2023-01-30', 1, '2023-02-25 13:30:11', NULL, 1),
(16, 'DAUDI, Mikaya Isaka', '210240226436', 'mikaya@gmail.com', 'Male', '2023-01-30', 1, '2023-02-25 13:31:02', NULL, 1),
(17, 'DEVIS, Denis', '200230228609', 'devis@gmail.com', 'Male', '2023-02-02', 1, '2023-02-25 13:31:58', NULL, 1),
(18, 'IBAMBILO, Fred Herber', '20230227353', 'ibambilo@gmail.com', 'Male', '2023-01-31', 1, '2023-02-25 13:32:57', NULL, 1),
(19, 'JOSEPH, Christina V', '200230216646', 'christina@gmail.com', 'Female', '2023-02-01', 1, '2023-02-25 13:34:27', NULL, 1),
(20, 'JOSEPH, DORICE LADISLAUS', '210240215439', 'dorice@gmail.com', 'Female', '2023-02-15', 1, '2023-02-25 13:35:37', NULL, 1),
(21, 'JOSEPH, Goefrey Godfrey', '2002302214105', 'godfrey@gmail.com', 'Male', '2023-02-03', 1, '2023-02-25 13:37:13', NULL, 1),
(22, 'JOSHUA, JOSIAH MARCO', '210240225388', 'josiahmarco@gmail.com', 'Male', '2023-02-04', 1, '2023-02-25 13:38:04', NULL, 1),
(23, 'KAHWA, Henry P', '200230226975', 'kahwa@gmail.com', 'Male', '2023-02-20', 1, '2023-02-25 13:38:53', NULL, 1),
(24, 'KALIMBA, ALoyce G', '210240226097', 'kalimba@gmail.com', 'Male', '2023-02-05', 1, '2023-02-25 13:39:39', NULL, 1),
(25, 'KANAFUNZI, EFATHA JOHN', '210240225586', 'kanafunzi@gmail.com', 'Male', '2023-02-16', 1, '2023-02-25 13:40:32', NULL, 1),
(26, 'KHAMIS, Hussein Salum', '200230228328', 'salumkhamis@gmail.com', 'Male', '2023-02-06', 1, '2023-02-25 13:41:38', NULL, 1),
(27, 'KIBURA, Hussein Hemedi', '190230224395', 'kibura@gmail.com', 'Male', '2023-02-08', 1, '2023-02-25 13:43:01', NULL, 1),
(28, 'KIGAWA, Hery J', '2002302211010', 'kigawa@gmail.com', 'Male', '2023-02-08', 1, '2023-02-25 13:43:45', NULL, 1),
(29, 'KIHIYO, MATHEW MICHAEL', '210240224894', 'kihiyo@gmail.com', 'Male', '2023-02-08', 1, '2023-02-25 13:44:40', NULL, 1),
(30, 'LUKUNDO, JOHN G', '210240225867', 'lukundo@gmail.com', 'Male', '2023-02-09', 1, '2023-02-25 13:45:43', NULL, 1),
(31, 'LUKUMAY, Manyengera Lesemani', '200230226025', 'lukumay@gmail.com', 'Male', '2023-02-11', 1, '2023-02-25 13:47:07', NULL, 1),
(32, 'MAGANGA, Julieth Silas', '210240214991', 'jujusubaru@gmail.com', 'Male', '2023-02-12', 1, '2023-02-25 13:48:00', NULL, 1),
(33, 'MAGANGA, Mariam M', '200230217024', 'mariamm@gmail.com', 'Female', '2023-02-14', 1, '2023-02-25 13:49:01', NULL, 1),
(34, 'MAHAGI, ALICE A', '210240214978', 'alice@gmail.com', 'Female', '2023-02-10', 1, '2023-02-25 13:49:51', NULL, 1),
(35, 'MAHALU, KELVIN P', '210240224860', 'mahalu@gmail.com', 'Male', '2023-02-18', 1, '2023-02-25 13:51:13', NULL, 1),
(36, 'MAKURU, Benard', '200230229185', 'makuru@gmail.com', 'Male', '2023-02-18', 1, '2023-02-25 13:51:57', NULL, 1),
(37, 'MALEKANO, Meshack Ahabu', '200230225712', 'malekano@gmail.com', 'Male', '2023-02-19', 1, '2023-02-25 13:53:04', NULL, 1),
(38, 'MAMKWE, Kelvin Remmy', '200230227114', 'mamkwe@gmail.com', 'Male', '2023-02-20', 1, '2023-02-25 13:54:09', NULL, 1),
(39, 'MASANJA, Francisco P', '200230225936', 'fransisco@gmail.com', 'Male', '2023-02-21', 1, '2023-02-25 13:55:11', NULL, 1),
(40, 'MASSAWE, Godfrey Matias', '200230227759', 'godfreymatias@gmail.com', 'Male', '2023-02-23', 1, '2023-02-25 13:56:24', NULL, 1),
(41, 'MATHIAS, Daudi J', '200230226322', 'daudij@gmail.com', 'Male', '2023-03-08', 1, '2023-02-25 13:57:11', NULL, 1),
(42, 'MAYALA, Claudian Cosmas', '200230225845', 'mayala@gmail.com', 'Male', '2023-01-29', 1, '2023-02-25 13:59:32', NULL, 1),
(43, 'MBAWALA, SHUJAA KUBULI', '210240225339', 'mbawala@gmail.com', 'Male', '2023-03-11', 1, '2023-02-25 14:00:38', NULL, 1),
(44, 'MBOYA, David Thomas', '200230227767', 'mboya@gmail.com', 'Male', '2023-03-04', 1, '2023-02-25 14:01:43', NULL, 1),
(45, 'MICHAEL, Michael Cyril', '200230226512', 'michaelcyril@gmail.com', 'Male', '2023-02-08', 1, '2023-02-25 14:03:56', NULL, 1),
(46, 'MKENJA, Crayford J', '2002302210657', 'mkenja@gmail.com', 'Male', '2023-02-15', 1, '2023-02-25 14:04:56', NULL, 1),
(47, 'MNENGA, ALLY M', '210240224845', 'mnenga@gmail.com', 'Male', '2023-02-16', 1, '2023-02-25 14:08:21', NULL, 1),
(48, 'MOHAMED, Mohamed Hamoud', '200230225720', 'hamoud@gmail.com', 'Male', '2023-02-16', 1, '2023-02-25 14:10:54', NULL, 1),
(49, 'MOSHA, Arnold R', '200230225720', 'mosha@gmail.com', 'Male', '2023-02-23', 1, '2023-02-25 14:13:18', NULL, 1),
(50, 'MSAMI, Geofrey Tobias', '20230226314', 'msami@gmail.com', 'Male', '2023-02-16', 1, '2023-02-25 14:15:20', NULL, 1),
(51, 'MSECHU, Collins L', '20230228773', 'msechu@gmail.com', 'Male', '2023-02-24', 1, '2023-02-25 14:16:32', NULL, 1),
(52, 'MSIGWA, Erick Fredrick', '2002302212976', 'msigwa@gmail.com', 'Male', '2023-02-11', 1, '2023-02-25 14:18:08', NULL, 1),
(53, 'MTERI, Richard H', '200230229256', 'mteri@gmail.com', 'Male', '2023-02-10', 1, '2023-02-25 14:19:52', NULL, 1),
(54, 'MUSHI, George P', '200230226256', 'georgemushi@gmail.com', 'Male', '2023-02-21', 1, '2023-02-25 14:21:51', NULL, 1),
(55, 'MWAMBALI, STEPHAN M', '210240225354', 'mwambali@gmail.com', 'Male', '2023-02-20', 1, '2023-02-25 14:24:42', NULL, 1),
(56, 'MWAGILO, Loveness Joseph', '200230216182', 'loveness@gmail.com', 'Male', '2023-02-16', 1, '2023-02-25 14:26:59', NULL, 1),
(57, 'MWAMBETE, Eloi J', '200230229235', 'mwambete@gmail.com', 'Male', '2023-02-11', 1, '2023-02-25 14:29:49', NULL, 1),
(58, 'MWAMBUNGU, Jimmy J', '190230221698', 'mwambungu@gmail.com', 'Male', '2023-01-31', 1, '2023-02-25 14:39:43', NULL, 1),
(59, 'MWASHILINDI, WImfrida J', '2002302111699', 'winfrida@gmail.com', 'Female', '2023-02-01', 1, '2023-02-25 14:42:43', NULL, 1),
(60, 'MWENDA, Isdory C', '2002302210376', 'mwanda@gmail.com', 'Male', '2023-02-04', 1, '2023-02-25 14:44:35', NULL, 1),
(61, 'MYOVELA, Cleopa Remigo', '2002302210590', 'myovela@gmail.com', 'Male', '2023-02-23', 1, '2023-02-25 14:48:27', NULL, 1),
(62, 'MZENA, Steven Kenedy', '200230226199', 'mzena@gmail.com', 'Male', '2023-02-10', 1, '2023-02-25 14:49:21', NULL, 1),
(63, 'NAMPELLAH, Baraka Francis', '2002302214808', 'nampellah@gmail.com', 'Male', '2023-02-12', 1, '2023-02-25 14:50:52', NULL, 1),
(64, 'NASSEM, MUHSINI', '210240226295', 'muhsini@gmail.com', 'Male', '2023-02-10', 1, '2023-02-25 14:51:53', NULL, 1),
(65, 'NDAGA, David A', '200230226686', 'ndaga@gmail.com', 'Male', '2023-02-10', 1, '2023-02-25 14:52:46', NULL, 1),
(66, 'NGATALE, LOUIS EUSTARD', '210240225834', 'louis@gmail.com', 'Male', '2023-02-14', 1, '2023-02-25 14:55:38', NULL, 1),
(67, 'NGOGO, Kezia Erneo', '200230217198', 'ngogo@gmail.com', 'Female', '2023-02-25', 1, '2023-02-25 14:56:28', NULL, 1),
(68, 'NG\'WANDU, Benjamin G', '200230227569', 'Benjamin@gmail.com', 'Male', '2023-02-23', 1, '2023-02-25 15:01:29', NULL, 1),
(69, 'OMARY, HAMISI O', '210240225677', 'hamisio@gmail.com', 'Male', '2023-02-24', 1, '2023-02-25 15:02:51', NULL, 1),
(70, 'OMARY, Salumu S', '200230226165', 'salumus@gmail.com', 'Male', '2023-02-15', 1, '2023-02-25 15:03:48', NULL, 1),
(71, 'OMARY, SELEMAN SULTAN', '210240226055', 'sultan@gmail.com', 'Male', '2023-02-07', 1, '2023-02-25 15:04:52', NULL, 1),
(72, 'PHILIPO, DICKSON', '210240225255', 'dickson@gmail.com', 'Male', '2023-02-17', 1, '2023-02-25 15:05:33', NULL, 1),
(73, 'RWEYEMAMU, Geofrey Muchunguzi', '200230227080', 'rweyemamu@gmail.com', 'Male', '2023-02-15', 1, '2023-02-25 15:06:37', NULL, 1),
(74, 'SAMBU, William Patson', '200230227015', 'sambu@gmail.com', 'Male', '2023-03-11', 1, '2023-02-25 15:07:20', NULL, 1),
(75, 'SEKILE, DAVID', '210240224936', 'sekile@gmail.com', 'Male', '2023-03-01', 1, '2023-02-25 15:08:08', NULL, 1),
(76, 'SENG\'ENGE, HUSSEIN SAAD', '210240225800', 'saad@gmail.com', 'Male', '2023-02-24', 1, '2023-02-25 15:09:07', NULL, 1),
(77, 'SHAYO, Erick Leonard', '200230225746', 'shayoerick@gmail.com', 'Male', '2023-02-21', 1, '2023-02-25 15:10:04', NULL, 1),
(78, 'SWEETBERT, KELVIN S', '210240225016', 'sweetbert@gmail.com', 'Male', '2023-02-22', 1, '2023-02-25 15:10:55', NULL, 1),
(79, 'TANO, Tumaini Edward', '2002302210863', 'tano@gmail.com', 'Male', '2023-02-23', 1, '2023-02-25 15:11:34', NULL, 1),
(80, 'TARIMO, Emmanuel Israel', '2002302210863', 'tarimo@gmail.com', 'Male', '2023-02-22', 1, '2023-02-25 15:12:35', NULL, 1),
(81, 'TOROTO, Castor Projest', '2002302214048', 'toroto@gmail.com', 'Male', '2023-02-16', 1, '2023-02-25 15:13:29', NULL, 1),
(82, 'WIDAMBE, Deograss Eliud', '200230227544', 'widambe@gmail.com', 'Male', '2023-02-16', 1, '2023-02-25 15:14:18', NULL, 1),
(83, 'YAHYA, Abdulhamid Saleh', '200240222154', 'saleh@gmail.com', 'Male', '2023-02-14', 1, '2023-02-25 15:15:17', NULL, 1),
(84, 'ZABLON, Nashon Israel', '200230225910', 'zablon@gmail.com', 'Male', '2023-02-05', 1, '2023-02-25 15:16:02', NULL, 1);

-- --------------------------------------------------------

--
-- Table structure for table `tblsubjectcombination`
--

CREATE TABLE `tblsubjectcombination` (
  `id` int(11) NOT NULL,
  `ClassId` int(11) DEFAULT NULL,
  `SubjectId` int(11) DEFAULT NULL,
  `status` int(1) DEFAULT NULL,
  `CreationDate` timestamp NULL DEFAULT current_timestamp(),
  `Updationdate` timestamp NULL DEFAULT NULL ON UPDATE current_timestamp()
) ENGINE=InnoDB DEFAULT CHARSET=latin1 COLLATE=latin1_swedish_ci;

--
-- Dumping data for table `tblsubjectcombination`
--

INSERT INTO `tblsubjectcombination` (`id`, `ClassId`, `SubjectId`, `status`, `CreationDate`, `Updationdate`) VALUES
(1, 1, 1, 1, '2023-02-25 13:02:53', NULL),
(2, 1, 2, 1, '2023-02-25 13:02:58', NULL),
(3, 1, 3, 1, '2023-02-25 13:03:04', NULL),
(4, 1, 4, 1, '2023-02-25 13:03:11', NULL),
(5, 1, 5, 1, '2023-02-25 13:03:20', NULL);

-- --------------------------------------------------------

--
-- Table structure for table `tblsubjects`
--

CREATE TABLE `tblsubjects` (
  `id` int(11) NOT NULL,
  `SubjectName` varchar(100) NOT NULL,
  `SubjectCode` varchar(100) DEFAULT NULL,
  `semester` int(11) NOT NULL,
  `Creationdate` timestamp NULL DEFAULT current_timestamp(),
  `UpdationDate` timestamp NULL DEFAULT NULL
) ENGINE=InnoDB DEFAULT CHARSET=latin1 COLLATE=latin1_swedish_ci;

--
-- Dumping data for table `tblsubjects`
--

INSERT INTO `tblsubjects` (`id`, `SubjectName`, `SubjectCode`, `semester`, `Creationdate`, `UpdationDate`) VALUES
(1, 'Software Engineering', 'COU 0709', 1, '2023-02-25 13:01:01', NULL),
(2, 'Database Programing', 'COU 0713', 1, '2023-02-25 13:01:17', NULL),
(3, 'Web Design and Development', 'COU 0715', 1, '2023-02-25 13:01:42', NULL),
(4, 'Wireless Sensor Networks', 'COU 0761', 1, '2023-02-25 13:02:02', NULL),
(5, 'Cyber Security', 'COU 0716', 1, '2023-02-25 13:02:41', NULL);

--
-- Indexes for dumped tables
--

--
-- Indexes for table `admin`
--
ALTER TABLE `admin`
  ADD PRIMARY KEY (`id`);

--
-- Indexes for table `tblclasses`
--
ALTER TABLE `tblclasses`
  ADD PRIMARY KEY (`id`);

--
-- Indexes for table `tblnotice`
--
ALTER TABLE `tblnotice`
  ADD PRIMARY KEY (`id`);

--
-- Indexes for table `tblresult`
--
ALTER TABLE `tblresult`
  ADD PRIMARY KEY (`id`);

--
-- Indexes for table `tblstudents`
--
ALTER TABLE `tblstudents`
  ADD PRIMARY KEY (`StudentId`);

--
-- Indexes for table `tblsubjectcombination`
--
ALTER TABLE `tblsubjectcombination`
  ADD PRIMARY KEY (`id`);

--
-- Indexes for table `tblsubjects`
--
ALTER TABLE `tblsubjects`
  ADD PRIMARY KEY (`id`);

--
-- AUTO_INCREMENT for dumped tables
--

--
-- AUTO_INCREMENT for table `admin`
--
ALTER TABLE `admin`
  MODIFY `id` int(11) NOT NULL AUTO_INCREMENT, AUTO_INCREMENT=14;

--
-- AUTO_INCREMENT for table `tblclasses`
--
ALTER TABLE `tblclasses`
  MODIFY `id` int(11) NOT NULL AUTO_INCREMENT, AUTO_INCREMENT=3;

--
-- AUTO_INCREMENT for table `tblnotice`
--
ALTER TABLE `tblnotice`
  MODIFY `id` int(11) NOT NULL AUTO_INCREMENT;

--
-- AUTO_INCREMENT for table `tblresult`
--
ALTER TABLE `tblresult`
  MODIFY `id` int(11) NOT NULL AUTO_INCREMENT, AUTO_INCREMENT=421;

--
-- AUTO_INCREMENT for table `tblstudents`
--
ALTER TABLE `tblstudents`
  MODIFY `StudentId` int(11) NOT NULL AUTO_INCREMENT, AUTO_INCREMENT=85;

--
-- AUTO_INCREMENT for table `tblsubjectcombination`
--
ALTER TABLE `tblsubjectcombination`
  MODIFY `id` int(11) NOT NULL AUTO_INCREMENT, AUTO_INCREMENT=6;

--
-- AUTO_INCREMENT for table `tblsubjects`
--
ALTER TABLE `tblsubjects`
  MODIFY `id` int(11) NOT NULL AUTO_INCREMENT, AUTO_INCREMENT=6;
COMMIT;

/*!40101 SET CHARACTER_SET_CLIENT=@OLD_CHARACTER_SET_CLIENT */;
/*!40101 SET CHARACTER_SET_RESULTS=@OLD_CHARACTER_SET_RESULTS */;
/*!40101 SET COLLATION_CONNECTION=@OLD_COLLATION_CONNECTION */;
